ACC,LOSS
0.8132999813556672,0.6814591282606125
0.9695999789237976,0.10493995970115065
0.9807999730110168,0.06339449332561344
0.9838999736309052,0.048028848909307274
0.9851999723911286,0.04431711902259849
0.9869999730587006,0.038365955970948565
0.9871999752521515,0.03988476248225197
0.9865999758243561,0.041429596823873
0.9878999769687653,0.03579356265079696
0.9877999758720398,0.03725360571144847
0.9883999764919281,0.03743554948319797
