ACC,LOSS
0.09580000020563602,2.386575655937195
