ACC,LOSS
0.09863333317140738,2.388481904665629
