ACC,LOSS
0.8118666472037633,0.6914577517906825
0.9673999720811843,0.11217691858609517
0.979483296473821,0.06640366028994321
0.986916635632515,0.04345839830736319
0.9902999740839005,0.03294744509272277
0.9929666475454966,0.024362245840020478
0.9936166512966156,0.020808858945189666
0.9927166481812795,0.021789169567637146
0.9969833298524221,0.011705968023549455
0.9972333300113678,0.010102746067762685
0.9984500000874201,0.00699041916426116
