EPOCH,ACC,LOSS
0,0.10100000038743019,2.3167195606231687
5,0.9569000005722046,0.14332879837602377
