EPOCH,ACC,LOSS
0,0.10218333332488934,2.3157527589797975
5,0.9554833287000656,0.14844284497201443
