ACC,LOSS
0.10929999746382237,2.5920464038848876
0.7458999824523925,0.7490821087360382
0.7777999782562256,0.6836834168434143
0.7961999821662903,0.7194968789815903
0.7956999778747559,0.800237044095993
0.7939999818801879,0.9599719655513763
0.7998999810218811,0.9858229482173919
0.8029999804496765,1.0337445640563965
0.7997999823093415,1.1015009880065918
0.8000999844074249,1.130118967294693
0.7954999792575836,1.1721671152114868
