ACC,LOSS
0.10099999636411666,2.3167085790634157
0.616599987745285,1.043442941904068
0.8291999816894531,0.5133820012211799
0.8878999817371368,0.35472138956189153
0.9147999799251556,0.27248953394591807
0.9290999758243561,0.2306400989741087
0.9395999789237977,0.19823142997920512
0.9440999794006347,0.17302117373794318
0.9502999770641327,0.15862008202821015
0.9501999819278717,0.16186180453747512
0.9519999778270721,0.15158114878460766
