ACC,LOSS
0.10218333039432764,2.315739928881327
0.6147833196322123,1.0730378977457682
0.8198833131790161,0.5404739122589429
0.8832999817530314,0.37157360315322874
0.9095666458209356,0.2860541883111
0.9247666450341543,0.23405619762837887
0.9394166493415832,0.195107805604736
0.9464833184083303,0.17109038497010867
0.951033315261205,0.15778670754283666
0.9500833173592885,0.1602154723306497
0.9545333143075307,0.1458715232461691
