ACC,LOSS
0.1025999978929758,2.598999333381653
0.5456999838352203,1.2595510697364807
0.6103999900817871,1.1069628810882568
0.6316999888420105,1.0488571798801423
0.6540999829769134,1.0064236104488373
0.6617999863624573,0.9743523025512695
0.6829999828338623,0.9257932651042938
0.6889999878406524,0.9285488438606262
0.6882999861240386,0.9189300298690796
0.6945999836921692,0.9289962434768677
0.6970999836921692,0.9513408207893371
