ACC,LOSS
0.11179999724030494,2.585608625411987
0.6404999840259552,1.112702111005783
0.6571999847888946,1.4854082298278808
0.6686999881267548,1.7132404327392579
0.6828999841213226,1.8240089988708497
0.6871999871730804,1.8327283096313476
0.6869999849796296,1.8616061091423035
0.6870999884605408,1.8811688590049744
0.6854999876022339,1.9016686296463012
0.6865999829769135,1.9174342036247254
0.6858999836444855,1.9320590853691102
