ACC,LOSS
0.10805999694764615,2.591305019378662
0.8692199835777282,0.3971829835176468
0.9682399706840515,0.10093465591967106
0.9954599902629853,0.018262588480487466
0.9997000000476837,0.0028295764348004013
1.0,0.00043705591140314934
1.0,0.00027677294131717644
1.0,0.00020790702383965254
1.0,0.0001784078249183949
1.0,0.000155144859207212
1.0,0.00013957877083157656
