ACC,LOSS
0.11179999724030494,2.585608625411987
0.4792999857664108,1.4688667368888855
0.4697999894618988,1.7757944130897523
0.46979999005794526,2.1923802590370176
0.4686999881267548,2.4673111867904662
0.4685999912023544,2.6788251495361326
0.470999990105629,2.832638168334961
0.4735999894142151,2.9870542240142823
0.4720999872684479,3.108642988204956
0.4736999875307083,3.1812048721313477
0.4709999877214432,3.2730883312225343
