ACC,LOSS
0.10805999694764615,2.591305019378662
0.7500999796390534,0.8279051430225373
0.9772799663543701,0.19529236644506454
0.9992799992561341,0.036155355349183085
0.9999800000190735,0.012366683991625904
0.9998999998569489,0.0065586029132828115
0.9994799995422363,0.008062955485656857
0.9999400000572205,0.0030282370005734263
0.9991799995899201,0.007142417344264686
0.9999200000762939,0.0017220933963544667
0.9990999999046326,0.007324786157812923
