ACC,LOSS
0.10099999636411666,2.316719150543213
0.1134999968111515,2.3010321044921875
0.1134999968111515,2.300976619720459
0.1134999968111515,2.3012529516220095
0.1134999968111515,2.3009776735305785
0.1134999968111515,2.3009350872039795
0.1134999968111515,2.3008935928344725
0.1134999968111515,2.3008172130584716
0.1134999968111515,2.3007720279693604
0.1134999968111515,2.3009266519546507
0.1134999968111515,2.300907697677612
