ACC,LOSS
0.10218333039432764,2.315752743879954
0.11236666351556777,2.3013566557566323
0.11236666370183229,2.301157077948252
0.11236666361490885,2.301256086031596
0.11236666368941466,2.3010962843894958
0.112366663304468,2.301039183139801
0.11236666310578584,2.3011426305770875
0.11236666341622671,2.3010901546478273
0.1123666636645794,2.300979059537252
0.11236666352798541,2.3010205801328025
0.11236666352798541,2.3009921598434446
